INSERT Entrees VALUES("Steak Dinner", "Steak", "Ice Cream", "Caesar Salad", 11.89);
INSERT Entrees VALUES("Hamburger Meal", "Hamburger", NULL, "French Fries", 7.99);
INSERT Entrees VALUES("Taco Meal", "2 Tacos", NULL, "Frijoles de Olla", 5.99);
INSERT Entrees VALUES("Flounder Meal", "Flounder", NULL, "French Fries", 6.99);
INSERT Entrees VALUES("Spaghetti Meal", "Spaghetti", "Brownie", "Garlic Bread", 8.99);

INSERT Orders VALUES("4216", "0687", "Steak Dinner", 11.89);
INSERT Orders VALUES("1025", "0687", "Taco Meal", 5.99);
INSERT Orders VALUES("3712", "0689", "Steak Dinner", 11.89);
INSERT Orders VALUES("0241", "0123", "Flounder Meal", 6.99);
INSERT Orders VALUES("5220", "0688", "Spaghetti Meal", 8.99);
INSERT Orders VALUES("5123", "0688", "Hamburger Meal", 7.99);
INSERT Orders VALUES("7120", "0404", "Spaghetti Meal", 8.99);
INSERT Orders VALUES("2924", "0691", "Spaghetti Meal", 8.99);
INSERT Orders VALUES("1284", "0692", "Flounder Meal", 6.99);
INSERT Orders VALUES("8024", "0642", "Hamburger Meal", 7.99);
INSERT Orders VALUES("4198", "0694", "Taco Meal", 5.99);
INSERT Orders VALUES("4738", "0695", "Steak Dinner", 11.89);
INSERT Orders VALUES("1011", "0695", "Taco Meal", 5.99);
INSERT Orders VALUES("1103", "0696", "Flounder Meal", 6.99);
INSERT Orders VALUES("1920", "0413", "Hamburger Meal", 7.99);
INSERT Orders VALUES("6610", "0612", "Spaghetti Meal", 8.99);
INSERT Orders VALUES("8176", "0699", "Steak Dinner", 11.89);
INSERT Orders VALUES("4249", "0700", "Taco Meal", 5.99);
INSERT Orders VALUES("7492", "0701", "Flounder Meal", 6.99);
INSERT Orders VALUES("2910", "0333", "Hamburger Meal", 7.99);
INSERT Orders VALUES("0481", "0803", "Taco Meal", 5.99);

INSERT INTO Customers VALUE ('0687', 'Warrick', 'Bush', '5556897101', '212 Baxter Road', 'wb111@gmail.com');
INSERT INTO Customers VALUE ('0688', 'Brandon', 'Botton', '5556997102', '2 Round Boat Court', 'bc8102@gmail.com');
INSERT INTO Customers VALUE ('0689', 'Nyteisha', 'Bookert', '5551128932', '9 Philly Special', 'ndbookert@gmail.com');
INSERT INTO Customers VALUE ('0690', 'Shannon', 'Brown', '5553997999', '33 Langston Avenue', 'shannb122@gmail.com');
INSERT INTO Customers VALUE ('0691', 'Chris', 'Perrin', '5556897101', '11 Cowboys Drive', 'cpcowboysfan75@gmail.com');
INSERT INTO Customers VALUE ('0692', 'Russell', 'Wilson', '5566897101', '11 Bookert T. Road', 'dangeruss@gmail.com');
INSERT INTO Customers VALUE ('0693', 'Dak', 'Prescott', '5566897101', '7 Washington St.', 'presc@gmail.com');
INSERT INTO Customers VALUE ('0694', 'Kevin', 'Hart', '5566897101', '2122 Appletree Drive', 'whynot@gmail.com');
INSERT INTO Customers VALUE ('0695', 'John', 'Legend', '5566896101', '910 Kelveton Drive', 'realjohnlegend@gmail.com');
INSERT INTO Customers VALUE ('0696', 'Chrissy', 'Stephens', '5566667101', '910 Kelveton Drive', 'chrissydoeseverything@gmail.com');
INSERT INTO Customers VALUE ('0697', 'Tim', 'Sebestian', '6063396501', '21 Luther King Drive', 'timsebestian@gmail.com');
INSERT INTO Customers VALUE ('0698', 'Zach', 'Curtis', '3341235645', '22 Luther King Drive', 'zcurtis@yahoo.com');
INSERT INTO Customers VALUE ('0699', 'Juan', 'Peteriz', '3347530808', '3 Round Boat Court', 'juanppet@hotmail.com');
INSERT INTO Customers VALUE ('0700', 'Demitri', 'Adams', '4109723490', '53 Christ Road', 'dadams@yahoo.com');
INSERT INTO Customers VALUE ('0701', 'Kristian', 'Fulter', '4013553490', '13 Deacon Court', 'kfulter@hotmail.com');
INSERT INTO Customers VALUE ('0702', 'Daniel', 'Fuslie', '2325410402', '7 Tree Drive', 'whyfuslie@gmail.com');
INSERT INTO Customers VALUE ('0703', 'Tanner', 'Hilton', '2325410402', '8 Tree Drive', 'tannerhilt@hotmail.com');
INSERT INTO Customers VALUE ('0704', 'Robby', 'Diggs', '2325410402', '9 Tree Drive', 'robbydiggs2@yahoo.com');
INSERT INTO Customers VALUE ('0705', 'Tony', 'Quick', '2325410402', '21 East Market Street', 'quicksix@yahoo.com');
INSERT INTO Customers VALUE ('0706', 'Ronnie', 'Dorme', '2325410402', '24 West Market Street', 'rooniedorm@gmail.com');
INSERT INTO Customers VALUE ('0707', 'Devon', 'Tipton', '2324410667', '15 Battleground Avenue', 'tiptoedevon@gmail.com');

INSERT INTO CHEF VALUE ('103510', 'Matt Wedbetter', '52000');
INSERT INTO CHEF VALUE ('103511', 'Dan Western', '45000');
INSERT INTO CHEF VALUE ('103512', 'Makenzie Moore', '49500');
INSERT INTO CHEF VALUE ('103513', 'Lexie Door', '52000');
INSERT INTO CHEF VALUE ('103514', 'Kenny Toler', '50000');
INSERT INTO CHEF VALUE ('103515', 'Alex Cringleberry', '43000');
